{
  "project_info": {
    "project_number": "531598111492",
    "firebase_url": "https://attendanceplaystore.firebaseio.com",
    "project_id": "attendanceplaystore",
    "storage_bucket": "attendanceplaystore.appspot.com"
  },
  "client": [
    {
      "client_info": {
        "mobilesdk_app_id": "1:531598111492:android:749f26129f1af5d1f41651",
        "android_client_info": {
          "package_name": "com.example.attendanceplaystore"
        }
      },
      "oauth_client": [
        {
          "client_id": "531598111492-t8qd7s0bvr3b2u2hkh9e156t5fgdmpsb.apps.googleusercontent.com",
          "client_type": 1,
          "android_info": {
            "package_name": "com.example.attendanceplaystore",
            "certificate_hash": "a96be3d5b6307dd47b0c3027310df6624bf02fc5"
          }
        },
        {
          "client_id": "531598111492-d3r0gtg0kpc6nh8srgab2n5hjd5udd8v.apps.googleusercontent.com",
          "client_type": 3
        }
      ],
      "api_key": [
        {
          "current_key": "AIzaSyC8RhbGTG3GWh_SfE7fYeIP3oyeBDUbCWo"
        }
      ],
      "services": {
        "appinvite_service": {
          "other_platform_oauth_client": [
            {
              "client_id": "531598111492-d3r0gtg0kpc6nh8srgab2n5hjd5udd8v.apps.googleusercontent.com",
              "client_type": 3
            }
          ]
        }
      }
    }
  ],
  "configuration_version": "1"
}